{
  "v1": {
    "expected": 31.7,
    "actual": 31.6961736150771,
    "verified": true,
    "full_metrics": {
      "correct@1": 1110.0,
      "correct@3": 1797.0,
      "correct@5": 1929.0,
      "correct@10": 2048.0,
      "rr": 1488.4387738704681,
      "ndcg": 46.060897860099494,
      "f1": 0,
      "total": 3502.0,
      "acc@1": 31.6961736150771,
      "acc@5": 55.08280982295831,
      "acc@10": 58.480868075385494,
      "mrr": 42.50253494775752
    }
  },
  "advanced_no_filter": {
    "expected": 44.43,
    "actual": 44.43175328383781,
    "verified": true,
    "full_metrics": {
      "correct@1": 1556.0,
      "correct@3": 2725.0,
      "correct@5": 2872.0,
      "correct@10": 2963.0,
      "rr": 2147.8156089782715,
      "ndcg": 67.03210484293922,
      "f1": 0,
      "total": 3502.0,
      "acc@1": 44.43175328383781,
      "acc@5": 82.01027984009137,
      "acc@10": 84.60879497430041,
      "mrr": 61.33111390571877
    }
  },
  "advanced_with_filter": {
    "expected": 36.75,
    "actual": 36.75042832667047,
    "verified": true,
    "full_metrics": {
      "correct@1": 1287.0,
      "correct@3": 1549.0,
      "correct@5": 1575.0,
      "correct@10": 1612.0,
      "rr": 1432.7371425628662,
      "ndcg": 42.042021884841965,
      "f1": 0,
      "total": 3502.0,
      "acc@1": 36.75042832667047,
      "acc@5": 44.97430039977156,
      "acc@10": 46.03083952027413,
      "mrr": 40.911968662560426
    }
  }
}