{
  "advanced_no_filter": {
    "correct@1": 1644.0,
    "correct@3": 2705.0,
    "correct@5": 2847.0,
    "correct@10": 2961.0,
    "rr": 2183.391330718994,
    "ndcg": 67.7078286829436,
    "f1": 0,
    "total": 3502.0,
    "acc@1": 46.94460308395203,
    "acc@5": 81.29640205596802,
    "acc@10": 84.55168475157053,
    "mrr": 62.34698260191303
  },
  "advanced_with_filter": {
    "correct@1": 1398.0,
    "correct@3": 1615.0,
    "correct@5": 1643.0,
    "correct@10": 1680.0,
    "rr": 1518.6254272460938,
    "ndcg": 44.29908705601891,
    "f1": 0,
    "total": 3502.0,
    "acc@1": 39.920045688178185,
    "acc@5": 46.916047972587094,
    "acc@10": 47.972587093089665,
    "mrr": 43.36451819663317
  }
}